model,R2,MAE,MSE,RMSE
Linear (room_type_code only),0.3719623304382238,0.4024954708669524,0.29976809003456295,0.5475108127101811
"Multiple linear (post-VIF, scaled)",0.48025970180989386,0.35978615898600624,0.24807676999877326,0.4980730568890203
Polynomial degree 2 (scaled),0.5343497022204995,0.3382525330895055,0.22225912099633385,0.47144365622663104
